DATE,SERIES,OPEN,HIGH,LOW,PREV. CLOSE,LTP,CLOSE,VWAP,52 WEEK HIGH,52 WEEK LOW,VOLUME,VALUE,NO. OF  TRADES,Daily Avg Return,weekly Avg Return,monthly Avg Return,,,
4-Sep-26,EQ,"1,432.10","1,438.30","1,421.40","1,430.00","1,423.20","1,423.20","1,429.20","1,480.00","1,187.60","66,93,889","9,56,68,74,557.40","1,00,896",-0.47552%,,,,,"h/w- Calculate the daily, monthly, weekly avg return of the following"
3-Sep-26,EQ,"1,438.30","1,452.00","1,430.00","1,426.50","1,430.00","1,430.00","1,440.14","1,480.00","1,187.60","1,05,03,351","15,12,62,98,838.40","1,67,924",0.24536%,,,,,
2-Sep-26,EQ,"1,425.10","1,436.00","1,420.70","1,438.00","1,426.50","1,426.50","1,426.34","1,480.00","1,187.60","85,15,824","12,14,64,50,397.70","1,48,174",-0.79972%,,,,,1. adani enterprice
1-Sep-26,EQ,"1,442.90","1,446.70","1,422.80","1,454.00","1,438.00","1,438.00","1,432.70","1,480.00","1,187.60","1,06,27,608","15,22,61,97,713.10","1,43,205",-1.10041%,,,,,2. premer energy ltd
31-Aug-26,EQ,"1,422.80","1,454.00","1,419.00","1,422.80","1,454.00","1,454.00","1,435.85","1,480.00","1,187.60","1,53,31,697","22,01,40,09,456.30","1,84,414",2.19286%,,,,,3. aegis logistics ltd
28-Aug-26,EQ,"1,435.00","1,439.80","1,418.90","1,443.00","1,422.80","1,422.80","1,427.61","1,480.00","1,187.60","86,25,738","12,31,41,80,817.70","87,869",-1.39986%,,,,,4. revington ltd
27-Aug-26,EQ,"1,445.00","1,453.80","1,433.10","1,430.00","1,443.00","1,443.00","1,444.93","1,480.00","1,187.60","1,15,39,716","16,67,40,63,062.00","1,93,417",0.90909%,,,,,5. lloyes entreprises ()
26-Aug-26,EQ,"1,423.10","1,446.00","1,423.10","1,422.70","1,430.00","1,430.00","1,437.40","1,480.00","1,187.60","41,77,066","6,00,41,20,360.60","87,376",0.51311%,,,,,6. relince industries 
25-Aug-26,EQ,"1,408.00","1,424.90","1,408.00","1,415.00","1,422.70","1,422.70","1,420.44","1,480.00","1,187.60","79,83,249","11,33,97,58,033.50","1,06,893",0.54417%,,,,,7. tata power
24-Aug-26,EQ,"1,420.50","1,425.50","1,408.70","1,420.00","1,415.00","1,415.00","1,415.58","1,480.00","1,187.60","53,07,113","7,51,26,41,856.40","1,34,604",-0.35211%,,,,,8. jsw infrastructure
21-Aug-26,EQ,"1,417.00","1,420.00","1,411.20","1,411.90","1,420.00","1,420.00","1,417.20","1,480.00","1,187.60","45,65,280","6,46,99,28,366.10","1,00,376",0.57370%,,,,,9. ratan india enterprice
20-Aug-26,EQ,"1,407.80","1,413.00","1,403.30","1,402.00","1,411.90","1,411.90","1,408.57","1,480.00","1,187.60","84,25,049","11,86,72,75,973.20","1,08,431",0.70613%,,,,,
19-Aug-26,EQ,"1,412.00","1,416.00","1,391.50","1,412.00","1,402.00","1,402.00","1,398.73","1,480.00","1,187.60","1,03,04,210","14,41,28,44,395.90","1,33,658",-0.70822%,,,,,
18-Aug-26,EQ,"1,410.00","1,416.60","1,406.30","1,415.30","1,412.00","1,412.00","1,410.79","1,480.00","1,187.60","83,45,198","11,77,32,83,117.60","1,16,562",-0.23317%,,,,,
17-Aug-26,EQ,"1,418.00","1,423.60","1,407.00","1,417.00","1,415.30","1,415.30","1,416.27","1,480.00","1,187.60","56,05,603","7,93,90,52,356.40","1,06,272",-0.11997%,,,,,
14-Aug-26,EQ,"1,403.00","1,417.80","1,401.00","1,406.80","1,417.00","1,417.00","1,409.86","1,480.00","1,187.60","60,97,934","8,59,72,21,380.50","1,18,817",0.72505%,,,,,
13-Aug-26,EQ,"1,429.00","1,429.00","1,406.40","1,431.70","1,406.80","1,406.80","1,411.89","1,480.00","1,187.60","1,14,08,206","16,10,70,93,271.20","1,61,325",-1.73919%,,,,,
12-Aug-26,EQ,"1,429.40","1,435.00","1,418.60","1,429.60","1,431.70","1,431.70","1,425.70","1,480.00","1,187.60","82,01,733","11,69,32,09,005.10","1,31,055",0.14689%,,,,,
11-Aug-26,EQ,"1,432.10","1,434.00","1,412.20","1,431.80","1,429.60","1,429.60","1,421.41","1,480.00","1,187.60","1,04,71,914","14,88,48,71,301.50","2,18,784",-0.15365%,,,,,
10-Aug-26,EQ,"1,428.10","1,441.90","1,415.50","1,421.00","1,431.80","1,431.80","1,426.20","1,480.00","1,187.60","1,27,49,354","18,18,31,53,808.00","1,42,995",0.76003%,,,,,
7-Aug-26,EQ,"1,451.00","1,455.00","1,418.20","1,457.50","1,421.00","1,421.00","1,433.17","1,480.00","1,187.60","1,43,95,789","20,63,15,53,752.10","1,55,386",-2.50429%,,,,,
6-Aug-26,EQ,"1,460.00","1,460.00","1,448.30","1,450.10","1,457.50","1,457.50","1,455.71","1,480.00","1,187.60","1,49,54,726","21,76,97,66,618.40","1,91,250",0.51031%,,,,,
5-Aug-26,EQ,"1,454.60","1,454.60","1,431.20","1,454.60","1,450.10","1,450.10","1,442.50","1,480.00","1,187.60","1,17,23,296","16,91,08,29,557.20","1,69,434",-0.30936%,,,,,
4-Aug-26,EQ,"1,452.00","1,454.60","1,430.80","1,460.00","1,454.60","1,454.60","1,441.86","1,480.00","1,187.60","1,14,58,963","16,52,22,16,613.90","1,41,775",-0.36986%,,,,,
3-Aug-26,EQ,"1,442.00","1,460.00","1,433.00","1,435.40","1,460.00","1,460.00","1,445.87","1,480.00","1,187.60","77,06,747","11,14,29,59,295.90","1,85,170",1.71381%,,,,,
31-Jul-26,EQ,"1,434.30","1,441.90","1,431.40","1,433.90","1,433.90","1,435.40","1,434.95","1,494.50","1,187.60","87,52,440","12,55,93,02,182.90","1,00,099",0.10461%,,,,,
30-Jul-26,EQ,"1,431.10","1,442.20","1,422.60","1,437.90","1,430.00","1,433.90","1,430.78","1,494.50","1,187.60","1,41,41,173","20,23,29,71,620.00","1,80,054",-0.27818%,,,,,
29-Jul-26,EQ,"1,442.50","1,448.50","1,428.50","1,430.80","1,437.80","1,437.90","1,438.32","1,494.50","1,187.60","1,08,56,166","15,61,46,04,535.70","1,55,779",0.49623%,,,,,
28-Jul-26,EQ,"1,442.30","1,445.90","1,417.60","1,445.70","1,417.60","1,430.80","1,431.30","1,494.50","1,187.60","1,94,86,209","27,89,07,07,962.20","2,45,191",-1.03064%,,,,,
27-Jul-26,EQ,"1,435.70","1,449.00","1,428.80","1,432.90","1,445.50","1,445.70","1,439.49","1,494.50","1,187.60","1,06,08,300","15,27,05,61,725.50","1,95,530",0.89329%,,,,,
24-Jul-26,EQ,"1,428.00","1,440.00","1,415.40","1,434.60","1,436.00","1,432.90","1,428.15","1,500.00","1,187.60","1,08,70,914","15,52,52,53,507.70","2,15,086",-0.11850%,,,,,
23-Jul-26,EQ,"1,432.50","1,446.00","1,426.60","1,440.70","1,433.40","1,434.60","1,435.23","1,500.00","1,187.60","1,24,09,328","17,81,02,97,603.80","1,66,912",-0.42341%,,,,,
22-Jul-26,EQ,"1,466.40","1,466.40","1,438.40","1,463.10","1,439.70","1,440.70","1,444.85","1,500.00","1,187.60","83,45,136","12,05,74,81,788.80","2,12,805",-1.53100%,,,,,
21-Jul-26,EQ,"1,470.00","1,473.90","1,456.60","1,460.20","1,463.10","1,463.10","1,463.91","1,500.00","1,187.60","1,82,69,907","26,74,54,65,548.10","1,86,971",0.19860%,,,,,
20-Jul-26,EQ,"1,444.50","1,480.00","1,439.50","1,444.30","1,461.00","1,460.20","1,457.49","1,500.00","1,187.60","2,22,36,415","32,40,94,55,230.50","2,93,168",1.10088%,,,,,
17-Jul-26,EQ,"1,422.10","1,455.10","1,419.70","1,418.20","1,454.00","1,444.30","1,438.30","1,500.00","1,187.60","1,11,12,550","15,98,32,33,304.00","1,99,474",1.84036%,,,,,
16-Jul-26,EQ,"1,420.10","1,423.70","1,406.20","1,416.20","1,418.00","1,418.20","1,413.86","1,500.00","1,187.60","1,01,65,264","14,37,22,70,891.70","1,33,649",0.14122%,,,,,
15-Jul-26,EQ,"1,412.90","1,428.00","1,409.20","1,407.70","1,411.10","1,416.20","1,418.03","1,500.00","1,187.60","1,29,61,648","18,38,00,61,223.50","2,03,709",0.60382%,,,,,
14-Jul-26,EQ,"1,400.00","1,411.80","1,392.00","1,409.50","1,406.40","1,407.70","1,404.33","1,500.00","1,187.60","1,41,33,017","19,84,74,83,412.50","1,72,884",-0.12770%,,,,,
13-Jul-26,EQ,"1,393.50","1,413.00","1,386.30","1,401.20","1,407.80","1,409.50","1,403.36","1,500.00","1,187.60","1,00,91,437","14,16,19,08,061.50","2,05,509",0.59235%,,,,,
10-Jul-26,EQ,"1,389.70","1,408.20","1,389.60","1,380.70","1,401.20","1,401.20","1,402.11","1,500.00","1,187.60","64,09,645","8,98,70,46,054.60","1,32,249",1.48475%,,,,,
9-Jul-26,EQ,"1,382.90","1,403.60","1,377.30","1,380.60","1,384.00","1,380.70","1,386.99","1,500.00","1,187.60","1,39,48,838","19,34,68,61,582.20","3,13,842",0.00724%,,,,,
8-Jul-26,EQ,"1,410.30","1,418.30","1,375.90","1,414.70","1,383.10","1,380.60","1,396.85","1,500.00","1,187.60","1,05,73,142","14,76,90,92,852.50","2,79,456",-2.41041%,,,,,
7-Jul-26,EQ,"1,431.60","1,433.00","1,410.00","1,426.90","1,412.00","1,414.70","1,421.40","1,500.00","1,187.60","1,56,64,178","22,26,50,14,594.50","2,70,831",-0.85500%,,,,,
6-Jul-26,EQ,"1,412.00","1,431.60","1,411.60","1,411.40","1,426.50","1,426.90","1,425.91","1,500.00","1,187.60","1,23,06,949","17,54,85,56,220.70","2,15,378",1.09820%,,,,,
3-Jul-26,EQ,"1,414.00","1,420.00","1,405.90","1,400.00","1,412.70","1,411.40","1,412.30","1,500.00","1,187.60","1,29,01,785","18,22,12,50,388.90","2,42,670",0.81429%,,,,,
2-Jul-26,EQ,"1,381.90","1,405.00","1,376.80","1,379.80","1,401.00","1,400.00","1,395.35","1,500.00","1,187.60","1,57,79,429","22,01,78,71,341.30","2,02,269",1.46398%,,,,,
1-Jul-26,EQ,"1,371.40","1,385.10","1,367.70","1,375.20","1,377.60","1,379.80","1,377.17","1,500.00","1,187.60","1,19,48,034","16,45,44,77,473.20","1,98,943",0.33450%,,,,,
30-Jun-26,EQ,"1,402.00","1,402.00","1,366.10","1,387.60","1,379.90","1,375.20","1,377.88","1,500.00","1,187.60","1,83,98,057","25,35,02,31,179.70","2,38,982",-0.89363%,,,,,
29-Jun-26,EQ,"1,390.00","1,402.00","1,383.20","1,387.50","1,388.00","1,387.60","1,389.31","1,500.00","1,187.60","1,32,49,405","18,40,75,50,527.80","2,38,572",0.00721%,,,,,
25-Jun-26,EQ,"1,381.90","1,404.00","1,380.10","1,373.60","1,387.00","1,387.50","1,390.64","1,500.00","1,187.60","1,71,73,209","23,88,17,28,053.40","3,23,911",1.01194%,,,,,
24-Jun-26,EQ,"1,340.60","1,377.60","1,340.60","1,338.30","1,373.00","1,373.60","1,369.98","1,500.00","1,187.60","1,64,40,708","22,52,33,78,860.90","2,84,060",2.63767%,,,,,
23-Jun-26,EQ,"1,358.00","1,369.10","1,331.50","1,352.40","1,335.50","1,338.30","1,352.91","1,500.00","1,187.60","1,18,84,879","16,07,91,39,867.90","1,66,170",-1.04259%,,,,,
22-Jun-26,EQ,"1,353.00","1,362.70","1,348.40","1,346.50","1,351.00","1,352.40","1,355.63","1,500.00","1,187.60","48,14,845","6,52,71,49,141.90","1,11,040",0.43817%,,,,,
19-Jun-26,EQ,"1,340.50","1,352.30","1,332.00","1,342.30","1,347.80","1,346.50","1,346.35","1,500.00","1,187.60","90,57,322","12,19,43,67,731.90","1,41,850",0.31290%,,,,,
18-Jun-26,EQ,"1,333.60","1,346.90","1,331.40","1,336.80","1,341.50","1,342.30","1,340.81","1,500.00","1,187.60","1,34,67,985","18,05,80,46,131.10","1,66,446",0.41143%,,,,,
17-Jun-26,EQ,"1,342.00","1,346.00","1,333.40","1,334.30","1,336.50","1,336.80","1,338.65","1,500.00","1,187.60","80,26,424","10,74,45,44,350.00","1,54,630",0.18736%,,,,,
16-Jun-26,EQ,"1,331.90","1,337.30","1,326.30","1,327.60","1,335.50","1,334.30","1,331.53","1,500.00","1,187.60","1,30,69,159","17,40,19,91,209.80","2,09,525",0.50467%,,,,,
15-Jun-26,EQ,"1,354.60","1,362.70","1,325.30","1,340.80","1,328.00","1,327.60","1,339.75","1,500.00","1,187.60","1,61,72,921","21,66,76,94,953.80","2,31,944",-0.98449%,,,,,
12-Jun-26,EQ,"1,330.00","1,344.30","1,318.70","1,317.00","1,340.00","1,340.80","1,333.00","1,500.00","1,187.60","1,83,39,846","24,44,70,33,214.60","2,37,916",1.80714%,,,,,
11-Jun-26,EQ,"1,286.50","1,333.00","1,286.50","1,293.30","1,313.90","1,317.00","1,316.68","1,500.00","1,187.60","3,59,19,374","47,29,44,30,919.80","4,62,944",1.83252%,,,,,
10-Jun-26,EQ,"1,271.30","1,306.00","1,271.30","1,275.00","1,293.00","1,293.30","1,294.82","1,500.00","1,187.60","2,59,51,584","33,60,27,25,418.60","3,17,951",1.43529%,,,,,
9-Jun-26,EQ,"1,255.00","1,279.90","1,252.70","1,250.20","1,276.00","1,275.00","1,271.49","1,500.00","1,187.60","2,23,68,579","28,44,14,91,850.70","2,95,130",1.98368%,,,,,
8-Jun-26,EQ,"1,246.40","1,254.00","1,243.10","1,262.10","1,250.00","1,250.20","1,249.97","1,500.00","1,187.60","1,07,14,196","13,39,24,35,061.70","1,65,598",-0.94287%,,,,,
5-Jun-26,EQ,"1,257.00","1,265.00","1,250.00","1,251.70","1,261.00","1,262.10","1,258.93","1,500.00","1,187.60","1,01,66,393","12,79,87,54,410.30","2,32,444",0.83087%,,,,,
4-Jun-26,EQ,"1,232.20","1,262.30","1,232.20","1,242.00","1,253.00","1,251.70","1,251.91","1,500.00","1,187.60","1,94,61,560","24,36,41,21,089.30","2,72,388",0.78100%,,,,,
3-Jun-26,EQ,"1,219.90","1,248.30","1,213.70","1,226.60","1,243.40","1,242.00","1,231.50","1,500.00","1,187.60","1,39,34,754","17,16,05,89,675.90","3,73,364",1.25550%,,,,,
2-Jun-26,EQ,"1,233.00","1,237.70","1,220.70","1,239.70","1,230.70","1,226.60","1,229.00","1,500.00","1,187.60","1,79,20,892","22,02,48,48,172.50","2,51,540",-1.05671%,,,,,
1-Jun-26,EQ,"1,257.10","1,261.90","1,235.90","1,256.40","1,238.60","1,239.70","1,245.36","1,500.00","1,187.60","99,11,975","12,34,39,58,316.50","1,79,104",-1.32919%,,,,,
29-May-26,EQ,"1,275.10","1,287.80","1,247.90","1,272.70","1,260.50","1,256.40","1,263.53","1,500.00","1,187.60","3,10,07,884","39,17,94,79,642.80","3,92,957",-1.28074%,,,,,
27-May-26,EQ,"1,286.00","1,293.40","1,266.70","1,279.10","1,272.50","1,272.70","1,277.96","1,500.00","1,187.60","1,83,66,272","23,47,13,39,315.50","1,99,046",-0.50035%,,,,,
26-May-26,EQ,"1,290.00","1,301.80","1,276.20","1,291.80","1,280.70","1,279.10","1,287.57","1,500.00","1,187.60","1,84,00,405","23,69,17,57,179.00","2,33,183",-0.98312%,,,,,
25-May-26,EQ,"1,271.00","1,293.50","1,270.90","1,264.30","1,293.50","1,291.80","1,282.46","1,500.00","1,187.60","1,38,53,923","17,76,70,46,157.90","2,30,176",2.17512%,,,,,
22-May-26,EQ,"1,242.00","1,270.80","1,242.00","1,242.80","1,267.20","1,264.30","1,264.35","1,500.00","1,187.60","1,16,01,085","14,66,78,24,476.70","1,63,057",1.72996%,,,,,
21-May-26,EQ,"1,245.30","1,248.30","1,234.40","1,237.30","1,244.40","1,242.80","1,242.50","1,500.00","1,187.60","1,43,94,386","17,88,49,96,507.30","1,79,763",0.44452%,,,,,
20-May-26,EQ,"1,230.00","1,239.70","1,223.30","1,240.80","1,236.50","1,237.30","1,232.55","1,500.00","1,187.60","1,49,53,103","18,43,03,75,623.00","1,96,646",-0.28208%,,,,,
19-May-26,EQ,"1,251.10","1,256.30","1,229.80","1,251.10","1,242.50","1,240.80","1,236.56","1,500.00","1,187.60","3,89,29,053","48,13,82,72,774.70","2,83,791",-0.82328%,,,,,
18-May-26,EQ,"1,235.50","1,253.70","1,232.00","1,244.50","1,251.70","1,251.10","1,243.71","1,500.00","1,187.60","1,39,18,850","17,31,10,46,029.30","2,42,335",0.53033%,,,,,
15-May-26,EQ,"1,246.60","1,258.00","1,242.00","1,246.00","1,247.90","1,244.50","1,247.98","1,500.00","1,187.60","1,17,45,614","14,65,82,50,228.70","2,21,105",-0.12039%,,,,,
14-May-26,EQ,"1,239.10","1,256.70","1,236.00","1,235.60","1,248.70","1,246.00","1,248.25","1,500.00","1,187.60","1,65,35,600","20,64,04,95,752.30","3,56,567",0.84170%,,,,,
13-May-26,EQ,"1,238.30","1,249.20","1,227.20","1,240.30","1,236.10","1,235.60","1,238.85","1,500.00","1,187.60","1,94,90,295","24,14,55,79,380.30","2,86,906",-0.37894%,,,,,
12-May-26,EQ,"1,256.00","1,259.90","1,236.30","1,266.40","1,244.50","1,240.30","1,244.35","1,500.00","1,187.60","2,11,10,708","26,26,90,40,947.30","3,80,833",-2.06096%,,,,,
11-May-26,EQ,"1,259.40","1,275.70","1,252.00","1,264.80","1,267.20","1,266.40","1,267.94","1,500.00","1,187.60","1,89,80,488","24,06,61,15,479.60","5,37,303",0.12650%,,,,,
8-May-26,EQ,"1,279.60","1,279.60","1,261.20","1,279.00","1,267.80","1,264.80","1,266.00","1,500.00","1,187.60","1,11,37,424","14,09,99,55,630.00","1,85,392",-1.11024%,,,,,
7-May-26,EQ,"1,284.70","1,294.00","1,273.20","1,279.50","1,279.00","1,279.00","1,282.68","1,500.00","1,187.60","2,50,28,552","32,10,37,38,356.80","3,22,972",-0.03908%,,,,,
6-May-26,EQ,"1,262.00","1,282.80","1,252.10","1,251.30","1,279.60","1,279.50","1,268.87","1,500.00","1,187.60","2,29,09,586","29,06,93,05,516.60","2,88,318",2.25366%,,,,,
5-May-26,EQ,"1,264.00","1,266.70","1,245.50","1,270.80","1,250.90","1,251.30","1,252.12","1,500.00","1,187.60","2,44,47,935","30,61,18,50,377.00","2,57,742",-1.53447%,,,,,
4-May-26,EQ,"1,264.30","1,282.20","1,264.30","1,263.40","1,269.00","1,270.80","1,273.13","1,500.00","1,187.60","1,45,97,051","18,58,38,84,989.90","1,78,442",0.58572%,,,,,
30-Apr-26,EQ,"1,261.00","1,272.20","1,259.00","1,281.00","1,265.70","1,263.40","1,264.67","1,500.00","1,187.60","1,77,40,110","22,43,54,14,841.10","2,61,998",-1.37393%,,,,,
29-Apr-26,EQ,"1,294.70","1,296.80","1,276.20","1,292.00","1,279.50","1,281.00","1,287.47","1,500.00","1,187.60","1,17,16,030","15,08,40,08,549.00","1,91,545",-0.85139%,,,,,
28-Apr-26,EQ,"1,314.30","1,317.70","1,286.70","1,314.10","1,289.10","1,292.00","1,300.34","1,500.00","1,187.60","1,67,74,778","21,81,28,94,339.10","1,97,497",-1.68176%,,,,,
27-Apr-26,EQ,"1,327.90","1,335.90","1,310.90","1,326.20","1,316.60","1,314.10","1,319.21","1,500.00","1,187.60","1,53,85,625","20,29,68,18,470.50","2,21,899",-0.91238%,,,,,
24-Apr-26,EQ,"1,336.30","1,348.80","1,324.00","1,348.00","1,325.80","1,326.20","1,332.36","1,500.00","1,187.60","1,40,56,743","18,72,86,38,323.00","1,92,491",-1.61721%,,,,,
23-Apr-26,EQ,"1,348.40","1,354.00","1,343.50","1,367.60","1,347.00","1,348.00","1,348.93","1,500.00","1,187.60","2,01,11,792","27,12,94,05,927.90","1,80,688",-1.43317%,,,,,
22-Apr-26,EQ,"1,380.00","1,380.10","1,365.00","1,388.40","1,367.80","1,367.60","1,370.33","1,500.00","1,187.60","1,36,13,487","18,65,49,24,562.10","2,10,901",-1.49813%,,,,,
21-Apr-26,EQ,"1,368.00","1,393.10","1,360.00","1,356.20","1,385.60","1,388.40","1,382.63","1,500.00","1,187.60","2,33,12,455","32,23,24,21,315.50","2,49,510",2.37428%,,,,,
20-Apr-26,EQ,"1,364.70","1,376.40","1,353.00","1,346.80","1,354.30","1,356.20","1,362.59","1,500.00","1,187.60","2,15,51,520","29,36,59,07,872.80","3,20,334",0.69795%,,,,,
17-Apr-26,EQ,"1,347.00","1,352.90","1,334.00","1,345.50","1,352.80","1,346.80","1,341.32","1,500.00","1,187.60","1,81,51,993","24,34,75,56,255.20","2,12,763",0.09662%,,,,,
16-Apr-26,EQ,"1,352.00","1,366.90","1,340.20","1,348.10","1,343.90","1,345.50","1,351.63","1,500.00","1,187.60","2,40,17,236","32,46,24,01,733.80","3,69,800",-0.19286%,,,,,
15-Apr-26,EQ,"1,358.00","1,364.80","1,338.00","1,351.10","1,347.00","1,348.10","1,348.45","1,500.00","1,187.60","2,38,27,473","32,13,01,12,128.20","3,67,877",-0.22204%,,,,,
13-Apr-26,EQ,"1,304.90","1,357.00","1,296.70","1,321.90","1,347.00","1,351.10","1,336.01","1,500.00","1,187.60","3,05,72,141","40,84,46,87,271.30","3,91,182",2.20894%,,,,,
10-Apr-26,EQ,"1,289.00","1,324.00","1,288.50","1,281.30","1,322.80","1,321.90","1,317.23","1,500.00","1,187.60","1,81,74,755","23,94,03,99,460.20","2,65,455",3.16866%,,,,,
9-Apr-26,EQ,"1,299.90","1,308.00","1,275.90","1,309.20","1,283.50","1,281.30","1,287.04","1,500.00","1,187.60","2,29,23,062","29,50,27,99,668.90","2,95,814",-2.13107%,,,,,
8-Apr-26,EQ,"1,310.00","1,333.50","1,292.40","1,245.50","1,309.10","1,309.20","1,307.02","1,500.00","1,187.60","2,51,48,651","32,86,97,93,000.90","2,67,068",5.11441%,-3.565114909,,,,
7-Apr-26,EQ,"1,229.00","1,250.40","1,216.60","1,231.40","1,248.50","1,245.50","1,235.01","1,500.00","1,187.60","2,56,00,557","31,61,70,31,068.70","2,12,038",1.14504%,,,,,
6-Apr-26,EQ,"1,213.00","1,234.40","1,200.50","1,215.80","1,228.60","1,231.40","1,218.09","1,500.00","1,187.60","1,00,58,414","12,25,20,23,145.80","1,31,870",1.28311%,,,,,
2-Apr-26,EQ,"1,196.00","1,222.10","1,187.60","1,212.70","1,216.50","1,215.80","1,204.91","1,500.00","1,187.60","2,08,51,722","25,12,44,02,749.50","3,46,186",0.25563%,,,,,
1-Apr-26,EQ,"1,228.10","1,234.00","1,210.00","1,205.90","1,213.00","1,212.70","1,219.58","1,500.00","1,200.40","2,54,72,333","31,06,54,55,922.50","2,56,306",0.56389%,,,,,
30-Mar-26,EQ,"1,216.50","1,222.60","1,200.40","1,233.80","1,211.80","1,205.90","1,211.37","1,500.00","1,200.40","2,39,52,775","29,01,57,83,813.00","2,24,335",-2.26131%,,,,,
27-Mar-26,EQ,"1,256.00","1,260.90","1,230.10","1,259.70","1,237.90","1,233.80","1,241.91","1,500.00","1,218.10","2,36,30,905","29,34,75,00,695.00","2,80,968",-2.05605%,,,,,
25-Mar-26,EQ,"1,258.90","1,272.90","1,254.40","1,251.20","1,258.40","1,259.70","1,262.48","1,500.00","1,218.10","1,72,90,030","21,82,83,49,228.10","2,45,636",0.67935%,,,,,
24-Mar-26,EQ,"1,237.10","1,253.90","1,223.70","1,222.70","1,252.60","1,251.20","1,242.48","1,500.00","1,218.10","2,06,17,782","25,61,72,06,863.50","2,41,682",2.33091%,,,,,
23-Mar-26,EQ,"1,226.60","1,234.90","1,218.10","1,245.40","1,225.00","1,222.70","1,225.36","1,500.00","1,218.10","1,70,49,534","20,89,17,71,051.10","2,79,421",-1.82271%,,,,,
20-Mar-26,EQ,"1,258.40","1,274.00","1,241.70","1,250.10","1,249.80","1,245.40","1,256.05","1,500.00","1,240.10","1,64,21,006","20,62,56,09,488.50","3,20,542",-0.37597%,,,,,
19-Mar-26,EQ,"1,267.60","1,285.90","1,243.70","1,289.30","1,259.70","1,250.10","1,258.87","1,500.00","1,240.10","1,44,22,899","18,15,66,25,895.60","2,85,591",-3.04041%,,,,,
18-Mar-26,EQ,"1,286.00","1,297.10","1,270.80","1,288.70","1,292.00","1,289.30","1,287.83","1,500.00","1,240.10","1,29,61,135","16,69,17,03,269.00","2,24,259",0.04656%,,,,,
17-Mar-26,EQ,"1,278.90","1,294.40","1,273.00","1,272.90","1,287.00","1,288.70","1,285.58","1,500.00","1,240.10","2,23,03,102","28,67,25,15,530.30","2,42,007",1.24126%,,,,,
16-Mar-26,EQ,"1,255.00","1,276.80","1,240.10","1,254.80","1,267.60","1,272.90","1,261.00","1,500.00","1,240.10","2,27,40,688","28,67,59,65,063.50","2,64,944",1.44246%,,,,,
13-Mar-26,EQ,"1,251.90","1,262.30","1,248.70","1,266.50","1,255.00","1,254.80","1,254.83","1,500.00","1,208.00","1,73,44,394","21,76,42,18,501.60","2,48,517",-0.92381%,,,,,
12-Mar-26,EQ,"1,275.70","1,280.50","1,258.30","1,294.60","1,269.90","1,266.50","1,270.55","1,500.00","1,208.00","1,96,76,187","24,99,95,30,425.90","3,35,143",-2.17055%,,,,,
11-Mar-26,EQ,"1,300.00","1,306.50","1,290.90","1,311.90","1,292.00","1,294.60","1,297.44","1,500.00","1,208.00","1,32,24,259","17,15,77,29,375.10","2,65,729",-1.31870%,,,,,
10-Mar-26,EQ,"1,287.60","1,315.00","1,285.60","1,278.40","1,312.80","1,311.90","1,304.25","1,500.00","1,208.00","1,91,36,143","24,95,83,13,823.40","3,18,391",2.62046%,,,,,
9-Mar-26,EQ,"1,272.70","1,282.70","1,251.10","1,313.40","1,275.00","1,278.40","1,271.54","1,500.00","1,208.00","1,61,16,652","20,49,29,13,753.00","3,21,194",-2.66484%,-8.456856427,,,,
6-Mar-26,EQ,"1,339.00","1,357.60","1,310.40","1,357.60","1,315.10","1,313.40","1,322.85","1,500.00","1,204.15","2,27,78,852","30,13,28,94,838.80","3,96,209",-3.25575%,,,,,
5-Mar-26,EQ,"1,368.90","1,370.80","1,347.60","1,365.40","1,353.30","1,357.60","1,356.94","1,500.00","1,204.15","1,75,90,491","23,86,92,37,214.50","2,14,379",-0.57126%,,,,,
4-Mar-26,EQ,"1,326.00","1,376.00","1,326.00","1,374.00","1,368.50","1,365.40","1,355.31","1,500.00","1,204.15","2,00,09,132","27,11,85,32,926.00","5,02,432",-0.62591%,,,,,
2-Mar-26,EQ,"1,355.00","1,379.20","1,355.00","1,378.90","1,374.80","1,374.00","1,369.59","1,500.00","1,204.15","1,69,28,683","23,18,53,56,350.40","3,08,886",-0.35536%,,,,,
27-Feb-26,EQ,"1,400.00","1,402.20","1,376.70","1,404.90","1,379.40","1,378.90","1,385.66","1,500.00","1,200.10","1,50,96,898","20,91,91,49,418.30","1,71,296",-1.85067%,,,,,
26-Feb-26,EQ,"1,405.10","1,410.00","1,392.10","1,400.50","1,401.60","1,404.90","1,403.62","1,500.00","1,200.10","2,72,88,792","38,30,31,70,835.60","2,75,171",0.31417%,,,,,
25-Feb-26,EQ,"1,391.80","1,407.40","1,388.20","1,384.80","1,398.10","1,400.50","1,399.92","1,500.00","1,200.10","1,62,97,015","22,81,44,95,610.00","2,19,690",1.13374%,,,,,
24-Feb-26,EQ,"1,400.90","1,400.90","1,382.30","1,399.40","1,385.50","1,384.80","1,388.50","1,500.00","1,200.10","1,82,74,784","25,37,45,56,219.00","1,78,572",-1.04330%,,,,,
23-Feb-26,EQ,"1,400.00","1,408.30","1,395.30","1,394.50","1,399.00","1,399.40","1,400.86","1,500.00","1,200.10","1,07,28,445","15,02,90,32,958.60","1,37,169",0.35138%,,,,,
20-Feb-26,EQ,"1,388.50","1,403.70","1,384.00","1,388.80","1,394.00","1,394.50","1,396.03","1,500.00","1,200.10","1,03,37,877","14,43,20,24,508.80","1,25,352",0.41043%,,,,,
19-Feb-26,EQ,"1,408.50","1,412.30","1,384.80","1,408.20","1,388.70","1,388.80","1,394.99","1,500.00","1,200.10","1,43,23,091","19,98,06,13,931.70","1,72,043",-1.37765%,,,,,
18-Feb-26,EQ,"1,410.10","1,412.30","1,398.90","1,407.50","1,406.00","1,408.20","1,403.95","1,500.00","1,200.10","47,58,071","6,68,01,16,792.30","1,07,958",0.04973%,,,,,
17-Feb-26,EQ,"1,406.20","1,413.60","1,393.60","1,411.60","1,405.00","1,407.50","1,404.65","1,500.00","1,200.10","1,17,56,187","16,51,33,61,505.90","1,81,342",-0.29045%,,,,,
16-Feb-26,EQ,"1,404.00","1,414.00","1,400.50","1,414.60","1,413.00","1,411.60","1,408.85","1,500.00","1,200.10","50,00,042","7,04,43,01,759.40","1,62,024",-0.21207%,,,,,
13-Feb-26,EQ,"1,425.30","1,434.40","1,410.70","1,430.00","1,415.50","1,414.60","1,417.70","1,500.00","1,200.10","1,22,28,083","17,33,58,09,677.40","3,31,274",-1.07692%,,,,,
12-Feb-26,EQ,"1,406.10","1,433.00","1,405.30","1,406.10","1,432.00","1,430.00","1,426.52","1,500.00","1,200.10","1,96,46,265","28,02,57,18,740.70","3,59,078",1.69974%,,,,,
11-Feb-26,EQ,"1,407.40","1,413.00","1,400.40","1,406.50","1,409.00","1,406.10","1,405.32","1,500.00","1,200.10","85,51,341","12,01,73,47,016.70","2,33,720",-0.02844%,,,,,
10-Feb-26,EQ,"1,401.00","1,409.50","1,395.50","1,396.30","1,404.10","1,406.50","1,403.57","1,500.00","1,200.10","1,64,97,628","23,15,56,53,318.50","2,90,456",0.73050%,,,,,
9-Feb-26,EQ,"1,413.50","1,414.00","1,388.80","1,406.10","1,395.10","1,396.30","1,396.52","1,500.00","1,200.10","78,89,742","11,01,81,92,537.50","2,01,425",-0.69696%,-2.696864111,,,,
6-Feb-26,EQ,"1,396.70","1,410.50","1,394.70","1,396.50","1,408.00","1,406.10","1,402.67","1,500.00","1,200.10","1,08,51,190","15,22,06,80,762.50","1,67,764",0.68743%,,,,,
5-Feb-26,EQ,"1,414.00","1,414.00","1,393.20","1,408.40","1,394.60","1,396.50","1,402.07","1,500.00","1,200.10","89,82,761","12,59,44,68,388.50","1,79,749",-0.84493%,,,,,
4-Feb-26,EQ,"1,387.00","1,414.00","1,386.90","1,389.70","1,406.10","1,408.40","1,406.84","1,500.00","1,200.10","1,10,80,683","15,58,87,50,561.40","1,91,128",1.34561%,,,,,
3-Feb-26,EQ,"1,412.00","1,417.00","1,373.40","1,352.80","1,388.00","1,389.70","1,391.76","1,500.00","1,200.10","2,48,96,698","34,65,02,22,974.70","3,62,321",2.72768%,,,,,
2-Feb-26,EQ,"1,329.90","1,354.40","1,329.10","1,334.20","1,351.00","1,352.80","1,345.43","1,500.00","1,200.10","1,28,00,245","17,22,18,71,131.70","2,96,520",1.39409%,,,,,
1-Feb-26,EQ,"1,352.00","1,365.90","1,328.80","1,355.00","1,334.00","1,334.20","1,349.72","1,500.00","1,193.10","49,69,610","6,70,75,90,848.90","73,049",-1.53506%,,,,,
30-Jan-26,EQ,"1,368.20","1,381.90","1,353.20","1,383.60","1,357.00","1,355.00","1,365.39","1,500.00","1,193.10","2,40,13,717","32,78,80,49,343.30","1,74,668",-2.06707%,,,,,
29-Jan-26,EQ,"1,359.00","1,387.70","1,354.40","1,367.70","1,385.00","1,383.60","1,375.36","1,500.00","1,193.10","2,31,18,234","31,79,58,80,950.80","3,16,133",1.16254%,,,,,
28-Jan-26,EQ,"1,362.60","1,380.40","1,362.60","1,361.40","1,368.30","1,367.70","1,369.75","1,500.00","1,193.10","1,32,42,696","18,13,91,17,842.70","2,14,114",0.46276%,,,,,
27-Jan-26,EQ,"1,340.00","1,369.10","1,328.60","1,343.40","1,367.10","1,361.40","1,351.83","1,500.00","1,193.10","2,52,63,634","34,15,21,85,794.40","3,97,382",1.33988%,,,,,
23-Jan-26,EQ,"1,340.50","1,355.20","1,335.70","1,345.50","1,346.00","1,343.40","1,345.35","1,500.00","1,186.00","1,40,56,524","18,91,09,09,222.00","2,66,966",-0.15608%,,,,,
22-Jan-26,EQ,"1,355.10","1,358.00","1,338.00","1,349.00","1,347.00","1,345.50","1,345.43","1,500.00","1,186.00","1,71,79,765","23,11,41,75,406.10","3,76,183",-0.25945%,,,,,
21-Jan-26,EQ,"1,367.50","1,371.50","1,339.50","1,375.80","1,346.90","1,349.00","1,353.06","1,500.00","1,186.00","2,17,66,068","29,45,08,24,904.30","3,25,494",-1.94796%,,,,,
20-Jan-26,EQ,"1,374.70","1,387.80","1,371.50","1,380.60","1,375.60","1,375.80","1,380.38","1,500.00","1,186.00","1,50,12,785","20,72,33,99,138.70","3,48,185",-0.34767%,,,,,
19-Jan-26,EQ,"1,399.90","1,400.00","1,360.00","1,410.80","1,377.70","1,380.60","1,374.22","1,500.00","1,186.00","2,33,02,883","32,02,33,23,446.30","4,43,246",-2.14063%,,,,,
16-Jan-26,EQ,"1,417.90","1,429.00","1,400.20","1,418.40","1,413.00","1,410.80","1,413.40","1,500.00","1,186.00","1,25,30,886","17,71,11,65,102.70","3,10,123",-0.53582%,,,,,
14-Jan-26,EQ,"1,425.60","1,443.90","1,414.90","1,437.00","1,416.60","1,418.40","1,425.59","1,500.00","1,186.00","1,38,32,255","19,71,90,79,329.90","2,58,446",-1.29436%,,,,,
13-Jan-26,EQ,"1,420.00","1,441.80","1,411.10","1,413.10","1,436.50","1,437.00","1,432.77","1,500.00","1,186.00","1,42,95,581","20,48,22,94,150.00","3,24,654",1.69132%,,,,,
12-Jan-26,EQ,"1,399.90","1,424.30","1,391.70","1,404.30","1,420.00","1,413.10","1,409.10","1,500.00","1,186.00","1,09,23,811","15,39,27,57,596.10","2,13,429",0.62665%,,,,,
9-Jan-26,EQ,"1,427.10","1,429.50","1,401.50","1,435.00","1,405.00","1,404.30","1,407.82","1,500.00","1,186.00","1,25,55,636","17,67,60,64,959.30","1,76,569",-2.13937%,,,,,
8-Jan-26,EQ,"1,429.00","1,442.20","1,423.30","1,427.70","1,434.90","1,435.00","1,435.94","1,500.00","1,186.00","1,48,61,699","21,34,04,84,627.50","2,90,412",0.51131%,4.348458406,,,,
7-Jan-26,EQ,"1,408.00","1,429.90","1,404.20","1,411.20","1,425.60","1,427.70","1,421.98","1,500.00","1,186.00","1,58,13,795","22,48,69,67,388.80","2,63,196",1.16922%,,,,,
6-Jan-26,EQ,"1,372.00","1,413.60","1,366.00","1,371.50","1,409.90","1,411.20","1,404.16","1,500.00","1,186.00","1,72,60,416","24,23,63,60,970.10","3,38,562",2.89464%,,,,,
5-Jan-26,EQ,"1,354.20","1,375.50","1,352.60","1,355.40","1,372.00","1,371.50","1,369.03","1,500.00","1,186.00","69,20,565","9,47,44,70,607.30","2,51,280",1.18784%,,,,,
2-Jan-26,EQ,"1,338.00","1,356.90","1,336.30","1,338.00","1,355.10","1,355.40","1,348.97","1,500.00","1,186.00","82,26,205","11,09,68,63,710.80","1,23,080",1.30045%,,,,,
1-Jan-26,EQ,"1,343.90","1,348.40","1,336.00","1,342.90","1,337.60","1,338.00","1,340.30","1,500.00","1,186.00","41,79,311","5,60,15,12,243.10","92,659",-0.36488%,,,,,
31-Dec-25,EQ,"1,342.80","1,350.00","1,339.50","1,342.50","1,343.00","1,342.90","1,344.37","1,500.00","1,186.00","61,50,634","8,26,87,15,778.60","1,33,779",0.02980%,,,,,
30-Dec-25,EQ,"1,343.30","1,347.10","1,338.10","1,343.30","1,347.00","1,342.50","1,341.94","1,500.00","1,186.00","1,86,21,277","24,98,86,03,546.50","2,61,375",-0.05955%,,,,,
29-Dec-25,EQ,"1,352.10","1,355.70","1,341.50","1,350.40","1,343.60","1,343.30","1,346.07","1,500.00","1,186.00","60,57,201","8,15,34,10,855.40","1,45,962",-0.52577%,,,,,
26-Dec-25,EQ,"1,356.50","1,362.00","1,348.50","1,359.80","1,351.00","1,350.40","1,353.25","1,500.00","1,186.00","28,12,144","3,80,55,33,190.00","92,194",-0.69128%,,,,,
24-Dec-25,EQ,"1,363.80","1,368.20","1,357.60","1,363.00","1,359.00","1,359.80","1,362.26","1,500.00","1,186.00","89,55,140","12,19,92,71,454.00","1,63,168",-0.23478%,,,,,
23-Dec-25,EQ,"1,361.10","1,365.00","1,357.00","1,368.50","1,362.40","1,363.00","1,361.81","1,500.00","1,186.00","91,05,467","12,39,98,97,178.60","2,31,134",-0.40190%,,,,,
22-Dec-25,EQ,"1,358.00","1,371.30","1,354.80","1,354.10","1,367.50","1,368.50","1,365.67","1,500.00","1,186.00","93,75,294","12,80,35,46,328.80","2,04,189",1.06344%,,,,,
19-Dec-25,EQ,"1,354.00","1,360.40","1,350.80","1,356.80","1,354.30","1,354.10","1,354.21","1,500.00","1,186.00","1,43,18,512","19,39,02,42,360.80","2,24,715",-0.19900%,,,,,
18-Dec-25,EQ,"1,346.30","1,369.50","1,345.50","1,352.40","1,357.00","1,356.80","1,360.11","1,500.00","1,186.00","73,14,573","9,94,86,07,088.40","2,07,464",0.32535%,,,,,
17-Dec-25,EQ,"1,365.00","1,365.00","1,343.10","1,366.00","1,353.50","1,352.40","1,350.59","1,500.00","1,186.00","94,40,391","12,75,00,64,577.50","1,99,498",-0.99561%,,,,,
16-Dec-25,EQ,"1,364.00","1,368.70","1,355.50","1,365.20","1,366.60","1,366.00","1,363.69","1,500.00","1,186.00","1,23,59,741","16,85,49,16,855.00","3,45,540",0.05860%,,,,,
15-Dec-25,EQ,"1,356.10","1,370.00","1,356.10","1,366.00","1,365.00","1,365.20","1,364.54","1,500.00","1,186.00","53,42,530","7,29,01,05,034.90","2,67,792",-0.05857%,,,,,
12-Dec-25,EQ,"1,368.00","1,370.70","1,363.30","1,360.00","1,366.00","1,366.00","1,366.43","1,500.00","1,186.00","38,90,885","5,31,66,35,958.20","1,13,064",0.44118%,,,,,
11-Dec-25,EQ,"1,363.70","1,366.60","1,352.80","1,363.60","1,361.00","1,360.00","1,360.40","1,500.00","1,186.00","67,34,750","9,16,19,34,313.70","1,66,103",-0.26401%,,,,,
10-Dec-25,EQ,"1,377.90","1,379.40","1,357.90","1,375.20","1,364.50","1,363.60","1,366.49","1,500.00","1,186.00","87,25,381","11,92,31,88,503.50","1,64,913",-0.84351%,,,,,
9-Dec-25,EQ,"1,379.90","1,384.30","1,373.40","1,389.60","1,375.00","1,375.20","1,377.40","1,500.00","1,186.00","1,04,92,030","14,45,16,76,568.30","1,75,866",-1.03627%,,,,,
8-Dec-25,EQ,"1,387.00","1,394.90","1,383.30","1,392.50","1,387.50","1,389.60","1,388.87","1,500.00","1,186.00","78,26,227","10,86,96,28,559.20","1,77,670",-0.20826%,3.469843634,,,,
5-Dec-25,EQ,"1,381.00","1,395.30","1,381.00","1,386.70","1,392.50","1,392.50","1,390.49","1,500.00","1,186.00","49,42,638","6,87,27,04,506.90","1,30,513",0.41826%,,,,,
4-Dec-25,EQ,"1,387.00","1,391.60","1,379.90","1,391.50","1,386.00","1,386.70","1,385.21","1,500.00","1,186.00","73,73,909","10,21,44,31,633.60","1,89,163",-0.34495%,,,,,
3-Dec-25,EQ,"1,367.00","1,394.20","1,367.00","1,373.00","1,392.00","1,391.50","1,383.00","1,500.00","1,186.00","79,55,933","11,00,30,40,759.70","1,82,044",1.34741%,,,,,
2-Dec-25,EQ,"1,381.80","1,381.80","1,370.60","1,390.10","1,373.80","1,373.00","1,374.68","1,500.00","1,186.00","1,21,26,396","16,66,98,81,069.60","3,35,552",-1.23013%,,,,,
1-Dec-25,EQ,"1,394.00","1,400.00","1,385.40","1,388.80","1,390.20","1,390.10","1,393.22","1,500.00","1,186.00","88,67,593","12,35,44,67,146.10","2,25,630",0.09361%,,,,,
28-Nov-25,EQ,"1,392.00","1,398.50","1,385.60","1,392.20","1,388.40","1,388.80","1,390.33","1,500.00","1,186.00","76,83,986","10,68,32,52,227.00","1,98,302",-0.24422%,,,,,
27-Nov-25,EQ,"1,379.00","1,394.00","1,375.70","1,375.00","1,393.90","1,392.20","1,388.89","1,500.00","1,186.00","1,51,58,741","21,05,37,99,768.40","2,32,290",1.25091%,,,,,
26-Nov-25,EQ,"1,360.00","1,377.00","1,359.90","1,357.80","1,375.00","1,375.00","1,369.92","1,500.00","1,186.00","96,59,004","13,23,20,68,784.90","1,40,169",1.26676%,,,,,
25-Nov-25,EQ,"1,365.00","1,376.90","1,354.30","1,368.40","1,356.90","1,357.80","1,362.23","1,500.00","1,186.00","1,22,35,000","16,66,69,09,341.50","2,17,159",-0.77463%,,,,,
24-Nov-25,EQ,"1,373.30","1,377.00","1,361.50","1,369.50","1,366.00","1,368.40","1,369.72","1,500.00","1,186.00","1,58,96,003","21,77,31,46,809.90","1,92,513",-0.08032%,,,,,
21-Nov-25,EQ,"1,373.00","1,376.00","1,364.60","1,383.00","1,369.00","1,369.50","1,369.27","1,500.00","1,186.00","1,14,83,595","15,72,41,08,014.60","1,71,633",-0.97614%,,,,,
20-Nov-25,EQ,"1,380.10","1,388.30","1,375.40","1,383.10","1,382.00","1,383.00","1,381.32","1,500.00","1,186.00","1,01,31,863","13,99,53,31,858.30","1,99,484",-0.00723%,,,,,
19-Nov-25,EQ,"1,373.50","1,384.00","1,371.60","1,373.40","1,383.10","1,383.10","1,379.61","1,500.00","1,186.00","1,03,93,918","14,33,95,82,068.90","1,52,320",0.70628%,,,,,
18-Nov-25,EQ,"1,380.20","1,382.80","1,369.10","1,379.00","1,370.00","1,373.40","1,374.73","1,500.00","1,186.00","95,29,560","13,10,06,17,263.50","1,43,242",-0.40609%,,,,,
17-Nov-25,EQ,"1,375.10","1,382.50","1,373.60","1,373.00","1,379.10","1,379.00","1,378.91","1,500.00","1,186.00","76,60,717","10,56,34,73,675.80","1,09,085",0.43700%,,,,,
14-Nov-25,EQ,"1,374.00","1,381.20","1,363.20","1,385.90","1,373.20","1,373.00","1,370.92","1,500.00","1,186.00","96,94,498","13,29,04,12,846.70","1,90,956",-0.93080%,,,,,
13-Nov-25,EQ,"1,358.90","1,390.40","1,358.50","1,358.90","1,385.40","1,385.90","1,383.47","1,500.00","1,186.00","1,82,96,626","25,31,28,23,046.70","2,39,327",1.98690%,,,,,
12-Nov-25,EQ,"1,370.00","1,370.00","1,355.40","1,358.30","1,358.50","1,358.90","1,361.79","1,500.00","1,186.00","97,36,761","13,25,94,41,993.50","1,68,204",0.04417%,,,,,
11-Nov-25,EQ,"1,349.00","1,360.40","1,346.20","1,348.00","1,359.00","1,358.30","1,354.89","1,500.00","1,186.00","83,05,184","11,25,26,12,832.30","2,08,140",0.76409%,,,,,
10-Nov-25,EQ,"1,342.90","1,349.60","1,341.00","1,343.00","1,346.80","1,348.00","1,345.91","1,500.00","1,186.00","85,42,340","11,49,72,41,405.30","1,55,442",0.37230%,,,,,
7-Nov-25,EQ,"1,320.40","1,344.30","1,318.60","1,320.40","1,342.60","1,343.00","1,337.70","1,500.00","1,186.00","77,19,245","10,32,60,29,497.00","1,49,776",1.71160%,-2.391162148,,,,
6-Nov-25,EQ,"1,330.00","1,342.20","1,317.40","1,336.90","1,320.30","1,320.40","1,324.61","1,500.00","1,186.00","2,42,21,853","32,08,45,16,054.80","3,68,806",-1.23420%,,,,,
4-Nov-25,EQ,"1,342.60","1,349.80","1,333.20","1,346.40","1,336.90","1,336.90","1,337.49","1,500.00","1,186.00","1,52,11,183","20,34,48,38,007.00","2,76,007",-0.70559%,,,,,
3-Nov-25,EQ,"1,340.50","1,351.60","1,337.90","1,345.30","1,349.00","1,346.40","1,344.89","1,500.00","1,186.00","1,10,71,450","14,88,99,21,391.00","3,01,531",0.08177%,,,,,
31-Oct-25,EQ,"1,357.00","1,362.00","1,343.30","1,362.40","1,345.50","1,345.30","1,349.30","1,500.00","1,186.00","1,59,26,798","21,48,99,88,727.80","3,09,384",-1.25514%,,,,,
30-Oct-25,EQ,"1,362.40","1,370.20","1,361.30","1,370.40","1,362.40","1,362.40","1,364.23","1,500.00","1,186.00","93,24,401","12,72,06,37,741.30","3,01,933",-0.58377%,,,,,
29-Oct-25,EQ,"1,364.60","1,371.70","1,358.40","1,363.10","1,371.60","1,370.40","1,365.15","1,500.00","1,186.00","1,61,29,382","22,01,90,31,340.90","3,53,776",0.53554%,,,,,
28-Oct-25,EQ,"1,373.00","1,375.80","1,356.20","1,377.60","1,366.20","1,363.10","1,361.81","1,500.00","1,186.00","2,64,77,914","36,05,79,49,499.50","4,80,704",-1.05256%,,,,,
27-Oct-25,EQ,"1,382.10","1,386.80","1,374.00","1,377.70","1,379.60","1,377.60","1,379.13","1,500.00","1,186.00","1,14,99,836","15,85,97,16,513.70","2,96,317",-0.00726%,,,,,
24-Oct-25,EQ,"1,368.10","1,381.60","1,368.10","1,363.70","1,378.00","1,377.70","1,376.15","1,500.00","1,186.00","1,05,70,263","14,54,62,56,446.30","2,54,633",1.02662%,,,,,
23-Oct-25,EQ,"1,385.00","1,389.80","1,360.10","1,382.00","1,364.30","1,363.70","1,375.57","1,500.00","1,186.00","2,11,24,942","29,05,87,72,536.50","4,01,439",-1.32417%,,,,,
21-Oct-25,EQ,"1,384.50","1,387.60","1,375.90","1,390.30","1,381.30","1,382.00","1,383.19","1,500.00","1,186.00","34,15,560","4,72,43,55,077.40","93,955",-0.59699%,,,,,
20-Oct-25,EQ,"1,442.00","1,445.00","1,389.20","1,436.60","1,393.00","1,390.30","1,401.64","1,500.00","1,186.00","2,33,30,227","32,70,04,79,176.40","6,70,783",-3.22289%,,,,,
17-Oct-25,EQ,"1,412.00","1,439.60","1,410.90","1,417.30","1,436.60","1,436.60","1,427.77","1,500.00","1,186.00","1,70,37,215","24,32,52,73,729.90","3,26,926",1.36174%,,,,,
16-Oct-25,EQ,"1,401.00","1,418.90","1,399.40","1,398.40","1,417.40","1,417.30","1,412.88","1,500.00","1,186.00","1,21,85,032","17,21,59,99,886.50","2,33,599",1.35154%,,,,,
15-Oct-25,EQ,"1,386.50","1,400.40","1,385.50","1,384.10","1,399.00","1,398.40","1,394.81","1,500.00","1,186.00","89,88,550","12,53,73,42,798.30","2,44,373",1.03316%,,,,,
14-Oct-25,EQ,"1,389.00","1,389.00","1,375.10","1,379.40","1,384.80","1,384.10","1,381.47","1,500.00","1,186.00","1,06,10,855","14,65,86,07,710.70","1,26,104",0.34073%,,,,,
13-Oct-25,EQ,"1,373.10","1,386.40","1,373.10","1,380.30","1,381.00","1,379.40","1,379.11","1,500.00","1,186.00","89,23,018","12,30,58,47,453.30","2,95,408",-0.06520%,,,,,
10-Oct-25,EQ,"1,370.30","1,385.00","1,370.30","1,376.20","1,380.40","1,380.30","1,380.18","1,500.00","1,186.00","76,73,816","10,59,12,67,726.70","1,36,734",0.29792%,,,,,
9-Oct-25,EQ,"1,369.80","1,378.70","1,365.10","1,370.30","1,374.00","1,376.20","1,374.50","1,500.00","1,186.00","79,09,575","10,87,16,77,779.10","1,75,558",0.43056%,,,,,
8-Oct-25,EQ,"1,372.30","1,381.60","1,364.30","1,375.90","1,367.80","1,370.30","1,372.13","1,500.00","1,186.00","81,00,832","11,11,53,59,090.30","1,76,755",-0.40701%,-2.30983104,,,,
7-Oct-25,EQ,"1,363.60","1,383.10","1,363.60","1,363.40","1,375.00","1,375.90","1,377.91","1,500.00","1,186.00","1,61,26,464","22,22,08,30,751.10","2,17,688",0.91683%,,,,,
6-Oct-25,EQ,"1,371.00","1,372.60","1,359.10","1,365.20","1,363.90","1,363.40","1,364.15","1,500.00","1,186.00","1,43,14,283","19,52,68,28,804.40","2,00,684",-0.13185%,,,,,
3-Oct-25,EQ,"1,371.90","1,371.90","1,361.30","1,372.00","1,365.00","1,365.20","1,366.86","1,500.00","1,186.00","1,21,63,695","16,62,61,22,666.10","1,92,526",-0.49563%,,,,,
1-Oct-25,EQ,"1,348.00","1,379.40","1,347.10","1,348.00","1,372.00","1,372.00","1,368.92","1,500.00","1,186.00","2,09,52,632","28,68,25,59,363.90","4,90,279",1.78042%,,,,,
30-Sep-25,EQ,"1,353.70","1,356.60","1,342.60","1,348.10","1,348.90","1,348.00","1,349.21","1,500.00","1,186.00","2,01,66,871","27,20,93,26,360.40","2,14,277",-0.00742%,,,,,
29-Sep-25,EQ,"1,359.60","1,366.50","1,346.20","1,359.60","1,350.00","1,348.10","1,352.69","1,500.00","1,186.00","2,05,63,163","27,81,56,85,218.20","2,77,001",-0.84584%,,,,,
26-Sep-25,EQ,"1,368.00","1,372.70","1,357.00","1,375.80","1,362.50","1,359.60","1,363.33","1,500.00","1,186.00","1,83,42,280","25,00,66,44,406.50","1,83,369",-1.17750%,,,,,
25-Sep-25,EQ,"1,377.00","1,391.50","1,371.80","1,382.70","1,373.70","1,375.80","1,378.32","1,500.00","1,186.00","2,16,13,389","29,79,00,90,966.10","1,96,991",-0.49902%,,,,,
24-Sep-25,EQ,"1,386.40","1,390.90","1,376.50","1,394.30","1,383.00","1,382.70","1,382.20","1,500.00","1,186.00","97,35,678","13,45,66,84,266.10","2,10,851",-0.83196%,,,,,
23-Sep-25,EQ,"1,391.00","1,403.30","1,391.00","1,401.50","1,396.10","1,394.30","1,396.75","1,500.00","1,186.00","1,28,27,524","17,91,68,01,862.90","1,97,247",-0.51374%,,,,,
22-Sep-25,EQ,"1,403.90","1,409.90","1,397.20","1,402.20","1,402.20","1,401.50","1,403.29","1,500.00","1,186.00","88,47,948","12,41,62,09,740.20","1,13,260",-0.04992%,,,,,
19-Sep-25,EQ,"1,416.10","1,418.00","1,400.20","1,421.70","1,402.50","1,402.20","1,404.18","1,500.00","1,186.00","1,34,57,344","18,89,65,59,650.80","1,72,737",-1.37160%,,,,,
18-Sep-25,EQ,"1,431.10","1,432.80","1,415.30","1,419.20","1,423.00","1,421.70","1,422.48","1,500.00","1,186.00","81,30,537","11,56,55,63,636.60","1,65,955",0.17616%,,,,,
17-Sep-25,EQ,"1,420.10","1,426.10","1,416.40","1,421.60","1,417.20","1,419.20","1,420.85","1,500.00","1,186.00","74,84,283","10,63,40,07,393.70","1,31,200",-0.16882%,,,,,
16-Sep-25,EQ,"1,414.00","1,424.90","1,413.70","1,419.40","1,422.40","1,421.60","1,420.63","1,500.00","1,186.00","82,13,151","11,66,78,59,743.80","1,39,536",0.15500%,,,,,
15-Sep-25,EQ,"1,422.00","1,426.80","1,416.30","1,417.70","1,418.00","1,419.40","1,421.99","1,500.00","1,186.00","58,45,637","8,31,24,11,904.60","1,30,816",0.11991%,,,,,
12-Sep-25,EQ,"1,405.10","1,419.70","1,400.10","1,401.60","1,417.50","1,417.70","1,412.86","1,500.00","1,186.00","77,70,038","10,97,79,91,343.80","1,65,154",1.14869%,,,,,
11-Sep-25,EQ,"1,398.00","1,408.00","1,396.00","1,403.90","1,401.60","1,401.60","1,403.25","1,500.00","1,186.00","1,01,92,026","14,30,19,23,215.80","1,81,447",-0.16383%,,,,,
10-Sep-25,EQ,"1,410.00","1,413.70","1,402.10","1,403.70","1,403.30","1,403.90","1,407.17","1,500.00","1,186.00","74,52,347","10,48,67,22,637.70","2,16,180",0.01425%,,,,,
9-Sep-25,EQ,"1,399.00","1,407.50","1,395.20","1,402.70","1,402.40","1,403.70","1,401.81","1,500.00","1,186.00","64,70,679","9,07,06,76,168.90","1,29,854",0.07129%,,,,,
8-Sep-25,EQ,"1,402.20","1,410.60","1,397.60","1,402.80","1,403.00","1,402.70","1,404.56","1,500.00","1,186.00","58,80,943","8,26,01,53,082.30","1,33,142",,,,,,
,,,,,,,,,,,,,,,,,,,
,,,,,,,,,,,,,,,,,,,
,,,,,,,,,,,,,AVG daily return,0.01327%,,,,,
